date,actual_return,predicted_return,base_price,actual_price,predicted_price,abs_price_error,price_error_pct,explosion_flag
2024-05-30,0.005255137081729533,0.0006288262666203082,190.2899932861328,191.2899932861328,190.40965263218612,0.8803406539466891,0.0046021260120484705,False
2024-05-31,0.005018593484036549,0.000948167173191905,191.2899932861328,192.25,191.47136817832683,0.7786318216731729,0.004050100502851354,False
2024-06-03,0.009258771283728873,0.0010985182598233223,192.25,194.02999877929688,192.46119013545103,1.5688086438458413,0.008085392226540766,False
2024-06-04,0.0016492672588364066,0.0015803978312760592,194.02999877929688,194.35000610351562,194.33664336857018,0.013362734945445709,6.875603049031233e-05,False
2024-06-05,0.007820884826019947,0.0009907400235533714,194.35000610351562,195.8699951171875,194.54255643314022,1.32743868404728,0.006777141558884932,False
2024-06-06,-0.007096540686677422,0.0013842771295458078,195.8699951171875,194.47999572753906,196.14113347179247,1.6611377442534092,0.008541432439049495,False
2024-06-07,0.012392038847459208,-4.613480996340513e-06,194.47999572753906,196.88999938964844,194.4790984977746,2.410900891873837,0.012244912892211583,False
2024-06-10,-0.019147769232301326,0.0012379449326545,196.88999938964844,193.1199951171875,197.1337383666832,4.01374324949569,0.020783675181123024,False
2024-06-11,0.07264912559045644,-0.0011127498000860214,193.1199951171875,207.14999389648438,192.90510088122824,14.244893015256139,0.06876607982124538,False
2024-06-12,0.02857839054869915,-0.0006236511399038136,207.14999389648438,213.07000732421875,207.02080456665976,6.049202757558987,0.028390681699063332,False
2024-06-13,0.005491144359726752,0.009426631964743137,213.07000732421875,214.24000549316406,215.07853986598928,0.8385343728252224,0.003913995291845613,False
2024-06-14,-0.008168409051202308,0.0028487762901932,214.24000549316406,212.49000549316406,214.85032734122385,2.360321848059783,0.011107919370521717,False
2024-06-17,0.019671478976528656,-0.002841455163434148,212.49000549316406,216.6699981689453,211.88622466987735,4.783773499067962,0.022078615126667808,False
2024-06-18,-0.010984469021671939,-0.0006771602784283459,216.6699981689453,214.2899932861328,216.52327785265817,2.233284566525356,0.010421786534583258,False
2024-06-20,-0.021512906597537684,-0.002546565840020776,214.2899932861328,209.67999267578125,213.74428970937205,4.064297033590805,0.019383332580878352,False
2024-06-21,-0.010444426073609514,-0.001914051128551364,209.67999267578125,207.49000549316406,209.27865444916551,1.7886489560014525,0.008620410181927442,False
2024-06-24,0.00313265159417897,0.0007195611833594739,207.49000549316406,208.13999938964844,207.639307247052,0.5006921425964492,0.0024055546462221737,False
2024-06-25,0.004468184574312861,0.0011184855829924345,208.13999938964844,209.07000732421875,208.37280097820982,0.697206346008926,0.003334798496121549,False
2024-06-26,0.01999326794540668,0.0012857611291110516,209.07000732421875,213.25,209.3388214128992,3.9111785871008067,0.018340814007506714,False
2024-06-27,0.003985960626099017,0.0023323034401983023,213.25,214.10000610351562,213.7473637086223,0.35264239489333704,0.0016470919422713014,False
2024-06-28,-0.016254137725925877,0.0019648591987788677,214.10000610351562,210.6199951171875,214.52068246996674,3.9006873527792436,0.018520023944587637,False
2024-07-01,0.029104572333703782,-0.0006394629017449915,210.6199951171875,216.75,210.48531144394434,6.26468855605566,0.028902830708445952,False
2024-07-02,0.016239927439266166,0.0009535801946185529,216.75,220.27000427246094,216.95668850718357,3.313315765277366,0.015042065197306624,False
2024-07-03,0.0058110444203451905,0.0028580802027136087,220.27000427246094,221.5500030517578,220.8995536109237,0.6504494408341088,0.0029359035516788186,False
2024-07-05,0.021620371113304726,0.0016616389621049166,221.5500030517578,226.33999633789062,221.91813916888307,4.421857169007552,0.01953634903486701,False
2024-07-08,0.006538884025246272,0.0032914981711655855,226.33999633789062,227.82000732421875,227.0849940218984,0.7350133023203398,0.0032262895210705364,False
2024-07-09,0.00377484559702701,0.0021476370748132467,227.82000732421875,228.67999267578125,228.30928201833245,0.3707106574487966,0.0016210891609323432,False
2024-07-10,0.018803582252402418,0.0010057126637548208,228.67999267578125,232.97999572753906,228.90997904036266,4.070016687176405,0.0174693826157338,False
2024-07-11,-0.023220827978926883,0.002675209427252412,232.97999572753906,227.57000732421875,233.6032660084706,6.033258684251848,0.026511660104911235,False
2024-07-12,0.013050867277438316,-0.0025154955219477415,227.57000732421875,230.5399932861328,226.99755598986508,3.5424372962677353,0.015365825450819149,False
2024-07-15,0.01674330147811176,-9.371928172186017e-05,230.5399932861328,234.39999389648438,230.51838724355386,3.8816066529305147,0.016559755776464347,False
2024-07-16,0.0017918662059346335,0.0013358162250369787,234.39999389648438,234.82000732421875,234.71310921147986,0.1068981127388895,0.00045523426200772584,False
2024-07-17,-0.025295980990260425,0.0006339747342281044,234.82000732421875,228.8800048828125,234.96887727595356,6.0888723931410595,0.026602902233677367,False
2024-07-18,-0.020534830945314275,-0.001990074058994651,228.8800048828125,224.17999267578125,228.42451672247265,4.244524046691396,0.018933554221451016,False
2024-07-19,0.0005799129586043783,0.0010246846359223127,224.17999267578125,224.30999755859375,224.4097064699573,0.09970891136356386,0.0004445138979483878,False
2024-07-22,-0.0015602998017738567,0.0016082192305475473,224.30999755859375,223.9600067138672,224.67073721027157,0.7107304964043806,0.003173470597866228,False
2024-07-23,0.004688282557118395,0.0013049538247287273,223.9600067138672,225.00999450683594,224.2522641812147,0.7577303256212247,0.003367540749831912,False
2024-07-24,-0.02875428371474653,0.0013577870558947325,225.00999450683594,218.5399932861328,225.31551016482427,6.775516878691462,0.031003555810584876,False
2024-07-25,-0.004804556718339459,0.00025071174604818225,218.5399932861328,217.49000549316406,218.59478382943092,1.104778336266861,0.005079674046454449,False
2024-07-26,0.002161024455525684,0.0018454014789313078,217.49000549316406,217.9600067138672,217.89136187095392,0.06864484291327244,0.0003149423784125121,False
2024-07-29,0.0012846337432190769,0.0013318175915628672,217.9600067138672,218.24000549316406,218.25028968506587,0.010284191901803297,4.712331214693554e-05,False
2024-07-30,0.0025659711533103646,0.0011566358152776957,218.24000549316406,218.8000030517578,218.49242969984385,0.30757335191395896,0.001405728279817261,False
2024-07-31,0.014990853444005525,0.0011334314476698637,218.8000030517578,222.0800018310547,219.04799785596694,3.032003975087747,0.013652755538944546,False
2024-08-01,-0.016750725819666967,0.0018300863448530436,222.0800018310547,218.36000061035156,222.48642740987063,4.126426799519066,0.018897356603705052,False
2024-08-02,0.006869389978967133,-0.0007236884557642043,218.36000061035156,219.86000061035156,218.20197599870917,1.6580246116423893,0.007541274479393981,False
2024-08-05,-0.0481669985831521,0.0003179069026373327,219.86000061035156,209.27000427246094,219.92989562215945,10.659891349698512,0.050938458126181196,False
2024-08-06,-0.009748212850733573,-0.0007431817357428372,209.27000427246094,207.22999572753906,209.11447862744683,1.8844828999077663,0.00909367822593327,False
2024-08-07,0.01249824663455068,0.003088313387706876,207.22999572753906,209.82000732421875,207.86998689767887,1.9500204265398793,0.009293777325661143,False
2024-08-08,0.016633257613904107,0.00019771623192355037,209.82000732421875,213.30999755859375,209.86149214544906,3.4485054131446873,0.016166637535108608,False
2024-08-09,0.013735914716165532,0.0005392920575104654,213.30999755859375,216.24000549316406,213.42503394606467,2.8149715470993897,0.013017811115382989,False
2024-08-12,0.005965562584919537,0.0017384614329785109,216.24000549316406,217.52999877929688,216.61593040298098,0.9140683763158961,0.004202033657175248,False
2024-08-13,0.017193056195245138,0.0013869425747543573,217.52999877929688,221.27000427246094,217.83170039589015,3.438303876570785,0.01553895155322105,False
2024-08-14,0.002033700635211577,0.00240521808154881,221.27000427246094,221.72000122070312,221.80220688764143,0.08220566693830733,0.0003707634245251455,False
2024-08-15,0.01353057903429189,0.0011386469705030322,221.72000122070312,224.72000122070312,221.972462028393,2.7475391923101142,0.012226500433362349,False
2024-08-16,0.0059184844421056315,0.0018847177270799875,224.72000122070312,226.0500030517578,225.1435349906332,0.906468061124599,0.004010033394766415,False
2024-08-19,-0.0007078241979617816,0.001499128993600607,226.0500030517578,225.88999938964844,226.38888116533622,0.4988817756877779,0.0022085164329352755,False
2024-08-20,0.0027446771387078517,0.000504058029036969,225.88999938964844,226.50999450683594,226.00386105751994,0.5061334493159961,0.0022344861665727573,False
2024-08-21,-0.00048563247988708813,0.0007338438299484551,226.50999450683594,226.39999389648438,226.67621746872643,0.27622357224205984,0.0012200688148797214,False
2024-08-22,-0.008259695969967673,0.0006494258414022624,226.39999389648438,224.52999877929688,226.54702390301406,2.0170251237171897,0.008983321314225974,False
2024-08-23,0.010288146667049025,0.00029520742828026414,224.52999877929688,226.83999633789062,224.59628170280828,2.243714635082341,0.009891177355426356,False
2024-08-26,0.0014988376978466444,0.001341798808425665,226.83999633789062,227.17999267578125,227.1443699746801,0.03562270110114696,0.00015680386587557343,False
2024-08-27,0.0037415535298863656,0.00111014349386096,227.17999267578125,228.02999877929688,227.43219506658565,0.5978037127112259,0.0026216011748955077,False
2024-08-28,-0.006753467940081581,0.0012200543424114585,228.02999877929688,226.49000549316406,228.30820776950765,1.818202276343584,0.008027737349313018,False
2024-08-29,0.014570125448949867,0.00038407306419685483,226.49000549316406,229.7899932861328,226.57699420358378,3.2129990825490324,0.013982328110120224,False
2024-08-30,-0.0034378924636161434,0.0015215170569717884,229.7899932861328,229.0,230.1396226804391,1.1396226804390892,0.0049765182551925295,False
2024-09-03,-0.027205221517637823,0.0004895169986411929,229.0,222.77000427246094,229.11209939268883,6.342095120227896,0.02846925079047508,False
2024-09-04,-0.00861874638471094,-0.0008639537845738232,222.77000427246094,220.85000610351562,222.57754128418023,1.7275351806646029,0.007822210246418928,False
2024-09-05,0.006927773316790065,0.0014783104415982962,220.85000610351562,222.3800048828125,221.1764909735655,1.2035139092469933,0.005411969974014563,False
2024-09-06,-0.007015008203708928,0.0010938565246760845,222.3800048828125,220.82000732421875,222.62325670211106,1.803249377892314,0.008166150340012873,False
2024-09-09,0.00040755518026269755,0.0007011440466158092,220.82000732421875,220.91000366210938,220.97483395772778,0.06483029561840681,0.00029346926143538216,False
2024-09-10,-0.0036213980285901837,0.0009812845382839441,220.91000366210938,220.11000061035156,221.12677923305526,1.016778622703697,0.004619411293826869,False
2024-09-11,0.011585130365211915,0.0008520690607838333,220.11000061035156,222.66000366210938,220.29754953184076,2.362454130268617,0.010610141432736541,False
2024-09-12,0.0004940295003250661,0.00135960360057652,222.66000366210938,222.77000427246094,222.96273300479277,0.19272873233182963,0.0008651466922634294,False
2024-09-13,-0.001212031545013148,0.0009510369854979217,222.77000427246094,222.5,222.98186678578358,0.48186678578358055,0.0021656934192520474,False
2024-09-16,-0.027775247981039364,0.0006111121620051563,222.5,216.32000732421875,222.63597245604615,6.315965131827397,0.029197323030601963,False
2024-09-17,0.0021726421320320544,-0.0005344071541912854,216.32000732421875,216.7899932861328,216.20440436470997,0.5855889214228398,0.0027011805874727042,False
2024-09-18,0.017989802463465043,0.0009997941087931395,216.7899932861328,220.69000244140625,217.0067386442656,3.683263797140654,0.01668976281840665,False
2024-09-19,0.03706553348719566,0.0008421441889367998,220.69000244140625,228.8699951171875,220.87585524451873,7.994139872668768,0.03492873702634352,False
2024-09-20,-0.002927418111763669,0.004236641805619001,228.8699951171875,228.1999969482422,229.8396353065528,1.6396383583106058,0.007185093690787781,False
2024-09-23,-0.007581050616453089,0.0012880463618785143,228.1999969482422,226.47000122070312,228.49392912409206,2.0239279033889375,0.00893684767289133,False
2024-09-24,0.0039740093241191765,-0.0013330320362001657,226.47000122070312,227.3699951171875,226.16810945383764,1.2018856633498558,0.005286034609493652,False
2024-09-25,-0.004398117700115112,-0.0005003627738915384,227.3699951171875,226.3699951171875,227.25622763573097,0.8862325185434656,0.003914973440206506,False
2024-09-26,0.005080219022305155,-0.0005016762879677117,226.3699951171875,227.52000427246094,226.25643065832983,1.2635736141311043,0.005553681392419204,False
2024-09-27,0.0011866605511687833,0.00040016515413299203,227.52000427246094,227.7899932861328,227.61104985003897,0.17894343609384578,0.0007855632001756564,False
2024-09-30,0.02287197360475246,0.0005962935392744839,227.7899932861328,233.0,227.9258229874407,5.074177012559289,0.021777583744889653,False
2024-10-01,-0.029141602086406926,0.002317818347364664,233.0,226.2100067138672,233.54005167493597,7.330044961068779,0.03240371665052177,False
2024-10-02,0.002519747352073054,-0.0025820627342909575,226.2100067138672,226.77999877929688,225.6259182854076,1.1540804938892677,0.005088987124532191,False
2024-10-03,-0.004894614235498862,-0.00041201250860467553,226.77999877929688,225.6699981689453,226.68656258309846,1.0165644141531516,0.004504650252144337,False
2024-10-04,0.005007333238716605,-0.00018701591761782765,225.6699981689453,226.8000030517578,225.62779428715893,1.172208764598878,0.005168468910167383,False
2024-10-07,-0.022530866585506182,0.0004347441135905683,226.8000030517578,221.69000244140625,226.89860301804688,5.2086005766406345,0.02349497279660725,False
2024-10-08,0.01840408582309916,-0.0003097991575486958,221.69000244140625,225.77000427246094,221.62132306541292,4.148681207048014,0.018375697074627127,False
2024-10-09,0.016698360908574017,0.00020806683460250497,225.77000427246094,229.5399932861328,225.8169795225981,3.723013763534709,0.016219455748148388,False
2024-10-10,-0.0021782696463562568,0.0015350760659202933,229.5399932861328,229.0399932861328,229.89235463599786,0.8523613498650491,0.003721452038291931,False
2024-10-11,-0.006505371454991304,0.00034085410879924893,229.0399932861328,227.5500030517578,229.11806250892374,1.5680594571659299,0.006891054432591082,False
2024-10-14,0.01647989430765695,-0.00043359730625525117,227.5500030517578,231.3000030517578,227.4513379833962,3.848665068361612,0.016639278069963532,False
2024-10-15,0.011024656368842312,0.0008732863352634013,231.3000030517578,233.85000610351562,231.50199418376928,2.348011919746341,0.010040675041534847,False
2024-10-16,-0.008851859184055066,0.0016846631187945604,233.85000610351562,231.77999877929688,234.2439645841281,2.4639658048312185,0.01063062308140501,False
2024-10-17,0.001596320300009113,-0.000468208163511008,231.77999877929688,232.14999389648438,231.67147749172983,0.4785164047545436,0.002061238067350172,False
2024-10-18,0.01227657195109133,0.00020298705203458667,232.14999389648438,235.0,232.19711733937527,2.802882660624732,0.011927160257977583,False
2024-10-21,0.006297854159740712,0.00120064546354115,235.0,236.47999572753906,235.28215168393217,1.1978440436068922,0.005065308124358184,False
2024-10-22,-0.002621765597043635,0.001354422653093934,236.47999572753906,235.86000061035156,236.800289590756,0.9402889804044321,0.00398664028648851,False
2024-10-23,-0.021623022514703605,0.00042280828347429633,235.86000061035156,230.75999450683594,235.95972417234987,5.199729665513928,0.022533063742813938,False
2024-10-24,-0.0008233107433687215,-0.0007208341849036515,230.75999450683594,230.57000732421875,230.59365481428722,0.02364749006846978,0.00010256099803656414,False
2024-10-25,0.0036431292501519774,0.0009592188871465623,230.57000732421875,231.41000366210938,230.79117443005367,0.6188292320557025,0.002674168023260044,False
2024-10-28,0.008599413175243154,0.001039034454151988,231.41000366210938,233.39999389648438,231.65044662894974,1.7495472675346377,0.007495918223162347,False
2024-10-29,0.0011568306749001334,0.0013891730923205614,233.39999389648438,233.6699981689453,233.72422688775316,0.054228718807848963,0.00023207394715962277,False
2024-10-30,-0.015277922255336196,0.0010765849146991968,233.6699981689453,230.10000610351562,233.9215637639918,3.8215576604761736,0.016608246671479705,False
2024-10-31,-0.01820948426885871,-0.00018287525745108724,230.10000610351562,225.91000366210938,230.05792650565994,4.14792284355056,0.0183609524868786,False
2024-11-01,-0.013279624414008095,0.0009424520540051162,225.91000366210938,222.91000366210938,226.12291300908103,3.2129093469716565,0.01441348209675613,False
2024-11-04,-0.004037544930633463,0.0023270423989742994,222.91000366210938,222.00999450683594,223.4287246917866,1.4187301849506753,0.006390388811558621,False
2024-11-05,0.006486205472888695,0.002341232495382428,222.00999450683594,223.4499969482422,222.529771520275,0.920225427967182,0.004118261089886406,False
2024-11-06,-0.0032669310248778505,0.0017566366586834192,223.4499969482422,222.72000122070312,223.84251740426416,1.1225161835610322,0.005040033124140841,False
2024-11-07,0.02137210165565251,0.0012645397800952196,222.72000122070312,227.47999572753906,223.00163952206955,4.47835620546951,0.019686813300424873,False
2024-11-08,-0.0022858669924307184,0.0019848423544317484,227.47999572753906,226.9600067138672,227.93150765784503,0.9715009439778441,0.0042804939867781815,False
2024-11-11,-0.01202859933719469,0.0008420436060987413,226.9600067138672,224.22999572753906,227.15111693636072,2.92112120882166,0.01302734364037139,False
2024-11-12,0.0,-0.0005342544172890484,224.22999572753906,224.22999572753906,224.1101998618329,0.11979586570615197,0.000534254417289092,False
2024-11-13,0.003969136184303723,0.0002729999250732362,224.22999572753906,225.1199951171875,224.29121049957186,0.8287846176156393,0.003681523789942385,False
2024-11-14,0.013770460957508002,0.0006404981832019985,225.1199951171875,228.22000122070312,225.2641840650625,2.9558171556406307,0.01295161309188746,False
2024-11-15,-0.014109198157391867,0.0014958435203880072,228.22000122070312,225.0,228.56138263075206,3.561382630752064,0.01582836724778695,False
2024-11-18,0.013422241210937491,-0.0006538155139423907,225.0,228.02000427246094,224.85289150936296,3.1671127630979754,0.013889626803592174,False
2024-11-19,0.0011402267431117608,0.0006448504864238203,228.02000427246094,228.27999877929688,228.1670430831304,0.11295569616646617,0.0004948120587457719,False
2024-11-20,0.0031540267415159917,0.00046381173888221383,228.27999877929688,229.0,228.38587772248272,0.6141222775172821,0.0026817566703811447,False
2024-11-21,-0.002096051211960992,0.0006008598720654845,229.0,228.52000427246094,229.137596910703,0.6175926382420585,0.002702575821352218,False
2024-11-22,0.005907539031537068,0.00031648733420297503,228.52000427246094,229.8699951171875,228.59232795942518,1.2776671577623233,0.005558216317492719,False
2024-11-25,0.013050855108212911,0.0009129717363975942,229.8699951171875,232.8699951171875,230.07985992577534,2.790135191412162,0.011981514363875338,False
2024-11-26,0.009404399395912533,0.0018135097343474627,232.8699951171875,235.05999755859375,233.29230712016997,1.7676904384237844,0.007520167007502626,False
2024-11-27,-0.000553071063399857,0.0020710148382931948,235.05999755859375,234.92999267578125,235.54681030142677,0.616817625645524,0.0026255380107927414,False
2024-11-29,0.01021584825308186,0.0008099825936369598,234.92999267578125,237.3300018310547,235.1202818805719,2.2097199504827927,0.009310748465993777,False
2024-12-02,0.009522582435425697,0.0015185317024588585,237.3300018310547,239.58999633789062,237.69039496277975,1.8996013751108762,0.007928550457640533,False
2024-12-03,0.01277180852859261,0.0018674107268452644,239.58999633789062,242.64999389648438,240.03740926709682,2.6125846293875554,0.010766885205453977,False
2024-12-04,0.0014836209330593153,0.0024871390778571367,242.64999389648438,243.00999450683594,243.25349817854612,0.2435036717101866,0.0010020315098741208,False
2024-12-05,0.00012344668933361724,0.0011726582888513803,243.00999450683594,243.0399932861328,243.2949621911681,0.2549689050352981,0.0010490820938063527,False
2024-12-06,-0.0008228972752098995,0.0005891508772037923,243.0399932861328,242.83999633789062,243.18318051137294,0.3431841734823138,0.0014132110799606626,False
2024-12-09,0.01610115187396466,0.0004873753641732037,242.83999633789062,246.75,242.95835056954164,3.7916494304583637,0.015366360407126094,False
2024-12-10,0.004133755916761572,0.0018740592058748007,246.75,247.77000427246094,247.2124241090496,0.5575801634113304,0.0022503941308334723,False
2024-12-11,-0.005166076430661581,0.0014297433663159609,247.77000427246094,246.49000549316406,248.12425179244156,1.6342462992774927,0.006630071251805036,False
2024-12-12,0.005963735599591624,0.00013777374988421798,246.49000549316406,247.9600067138672,246.52396534552983,1.4360413683373565,0.005791423332208862,False
2024-12-13,0.0006855870476785153,0.0009231386356987059,247.9600067138672,248.1300048828125,248.18890817617287,0.058903293360373254,0.00023738883730805655,False
2024-12-16,0.011727676403724852,0.000738021160941571,248.1300048828125,251.0399932861328,248.31313007708056,2.7268632090522544,0.010862266100940354,False
2024-12-17,0.009719576588042456,0.0016557546332478523,251.0399932861328,253.47999572753906,251.45565391814682,2.02434180939224,0.007986199477327463,False
2024-12-18,-0.021421779893107784,0.002023923909291625,253.47999572753906,248.0500030517578,253.99301995141917,5.943016899661359,0.023958947093507175,False
2024-12-19,0.007014675319362729,-0.0015299785882234573,248.0500030517578,249.7899932861328,247.67049185827986,2.1195014278529527,0.00848513345138321,False
2024-12-20,0.018815854651340613,0.00029712606919929385,249.7899932861328,254.49000549316406,249.86421240496324,4.6257930882008225,0.018176718096401145,False
2024-12-23,0.0030649485734630666,0.001413870370015502,254.49000549316406,255.27000427246094,254.84982137139593,0.42018290106500444,0.001646033196350499,False
2024-12-24,0.011478073747524853,0.0009671657462604344,255.27000427246094,258.20001220703125,255.51689267664102,2.683119530390229,0.010391632081871617,False
2024-12-26,0.003175742710589624,0.0015891017392277718,258.20001220703125,259.0199890136719,258.6103182954981,0.40967071817379974,0.001581618159022376,False
2024-12-27,-0.013242192962953925,0.0009689316502772272,259.0199890136719,255.58999633789062,259.27096167908167,3.6809653411910404,0.01440183651133511,False
2024-12-30,-0.013263427513676485,-0.0009084435296244919,255.58999633789062,252.1999969482422,255.35780725948072,3.157810311238535,0.012521056104083132,False
2024-12-31,-0.007057885808230857,2.088764449581504e-05,252.1999969482422,250.4199981689453,252.20526481212028,1.785266643174964,0.007129089754127934,False
2025-01-02,-0.026235892155055618,0.0011152056977152824,250.4199981689453,243.85000610351562,250.69926797772519,6.84926187420956,0.0280880119039325,False
2025-01-03,-0.0020094545044057055,0.0020075857173651457,243.85000610351562,243.36000061035156,244.33955589294845,0.9795552825968912,0.004025128534435189,False
2025-01-06,0.006738984983297502,0.002782006049528718,243.36000061035156,245.0,244.03702960426287,0.9629703957371305,0.003930491411171961,False
2025-01-07,-0.011387727698501271,0.0017588867340236902,245.0,242.2100067138672,245.4309272498358,3.2209205359686166,0.01329804899338294,False
2025-01-08,0.0020229974847978394,0.0010428486857563257,242.2100067138672,242.6999969482422,242.46259510104576,0.23740184719642343,0.000978169963665271,False
2025-01-10,-0.024103794471716178,0.001284951576963067,242.6999969482422,236.85000610351562,243.01185469204975,6.161848588534127,0.026015826175833336,False
2025-01-13,-0.010344150913639716,0.0006608564290218055,236.85000610351562,234.39999389648438,237.00652995276297,2.6065360562785997,0.011120034659342599,False
2025-01-14,-0.004778136289893098,0.002152800327166915,234.39999389648438,233.27999877929688,234.90461028003264,1.6246115007357673,0.00696421257388976,False
2025-01-15,0.019675910330543056,0.001993518089875579,233.27999877929688,237.8699951171875,233.74504667686955,4.124948440317951,0.017341188569351844,False
2025-01-16,-0.040400222002010655,0.0012423954904079437,237.8699951171875,228.25999450683594,238.16552372642445,9.905529219588516,0.04339581818088524,False
2025-01-17,0.007535272330218223,-0.0013869304675608873,228.25999450683594,229.97999572753906,227.94341376592914,2.036581961609926,0.008855474386662293,False
2025-01-21,-0.031915803436166845,-0.0003960377653129399,229.97999572753906,222.63999938964844,229.88891496396445,7.248915574316015,0.03255890942413042,False
2025-01-22,0.00534496247156202,0.00042625301284715533,222.63999938964844,223.8300018310547,222.73490036016855,1.095101470886135,0.004892558914924685,False
2025-01-23,-0.0007594967946863429,0.0003550710971467197,223.8300018310547,223.66000366210938,223.90947739537918,0.24947373326980937,0.0011154150459851448,False
2025-01-24,-0.003934565270516388,0.0002032664488069713,223.66000366210938,222.77999877929688,223.70546623679394,0.9254674574970636,0.00415417659829464,False
2025-01-27,0.03178024001189028,0.0003828752669505775,222.77999877929688,229.86000061035156,222.86529573080074,6.994704879550824,0.030430283046104817,False
2025-01-28,0.036543956643956044,0.0009116189903579652,229.86000061035156,238.25999450683594,230.06954535203164,8.190449154804298,0.034376098982782884,False
2025-01-29,0.004616830894303092,0.006367456167936325,238.25999450683594,239.36000061035156,239.77710457843096,0.4171039680794024,0.0017425800761021722,False
2025-01-30,-0.0073947370820001135,0.0036686963867396116,239.36000061035156,237.58999633789062,240.23813977972074,2.648143441830115,0.01114585412958227,False
2025-01-31,-0.006692185539787565,-0.0009481271845288575,237.58999633789062,236.0,237.36473080359056,1.364730803590561,0.005782757642332885,False
2025-02-03,-0.033855955479508704,-0.0012738239020109177,236.0,228.00999450683594,235.69937755912542,7.689383052289486,0.033723885959126024,False
2025-02-04,0.021007888515072404,-0.0006270709563978016,228.00999450683594,232.8000030517578,227.8670160615123,4.932986990245524,0.02118980638135467,False
2025-02-05,-0.0014175336199687694,-0.0007364389603026211,232.8000030517578,232.47000122070312,232.62856005955192,0.15855883884879063,0.0006820615047799545,False
2025-02-06,0.00322622272147699,-0.0003526819054968655,232.47000122070312,233.22000122070312,232.38801325770174,0.8319879630013816,0.0035673954148299925,False
2025-02-07,-0.023968769010513147,0.0001432205899618566,233.22000122070312,227.6300048828125,233.25340312686885,5.623398244056347,0.024704116871373614,False
2025-02-10,8.781361526644105e-05,-0.0005997552652843297,227.6300048828125,227.64999389648438,227.49348258884734,0.15651130763703236,0.00068750850794312,False
2025-02-11,0.021831765227118938,0.0008158727432601154,227.64999389648438,232.6199951171875,227.83572732150785,4.7842677956796535,0.020566881162857355,False
2025-02-12,0.018270140526221557,0.0008389045833609998,232.6199951171875,236.8699951171875,232.81514109727271,4.054854019914785,0.017118478927264355,False
2025-02-13,0.01967325435120615,0.002725826110690832,236.8699951171875,241.52999877929688,237.51566153471714,4.014337244579735,0.016620449902158618,False
2025-02-14,0.012710666748373622,0.0041711037047207355,241.52999877929688,244.60000610351562,242.5374454520064,2.062560651509216,0.008432381848086841,False
2025-02-18,-0.0005314999164697243,0.0037706252187490463,244.60000610351562,244.47000122070312,245.5223010550357,1.0522998343325867,0.004304412930331641,False
2025-02-19,0.001636167605379324,0.0009657390764914453,244.47000122070312,244.8699951171875,244.70609545391187,0.16389966327562888,0.0006693333872824695,False
2025-02-20,0.003920475080696484,0.000420685566496104,244.8699951171875,245.8300018310547,244.97300838980127,0.8569934412534224,0.003486122258756628,False
2025-02-21,-0.001138993520771736,0.000696781266015023,245.8300018310547,245.5500030517578,246.001291570955,0.4512885191971918,0.0018378681066522642,False
2025-02-24,0.00631237235794746,0.00047361437464132905,245.5500030517578,247.10000610351562,245.66629906289634,1.4337070406192822,0.0058021327608493494,False
2025-02-25,-0.0002428685386501872,0.0011669148225337267,247.10000610351562,247.0399932861328,247.38835076328598,0.3483574771531721,0.001410125836385078,False
2025-02-26,-0.027040126527384523,0.0008754073060117662,247.0399932861328,240.36000061035156,247.2562539011326,6.896253290781033,0.028691351611204948,False
2025-02-27,-0.012730893454915293,-0.0006018945132382214,240.36000061035156,237.3000030517578,240.21532924478225,2.915326193024441,0.012285403099588563,False
2025-02-28,0.019131872009047424,0.0020468374714255333,237.3000030517578,241.83999633789062,237.78571758997356,4.054278747917067,0.016764302056358645,False
2025-03-03,-0.01575420780800274,0.0009316266514360905,241.83999633789062,238.02999877929688,242.0653009238622,4.035302144565321,0.016952914192579913,False
2025-03-04,-0.00882244302938795,-0.00023215013789013028,238.02999877929688,235.92999267578125,237.97474008225828,2.044747406477029,0.008666754842344073,False
2025-03-05,-0.0008052693108767661,0.0006046390044502914,235.92999267578125,235.74000549316406,236.0726451516727,0.33263965850863997,0.0014110445862286442,False
2025-03-06,-0.0017392197020257294,0.000913144729565829,235.74000549316406,235.3300018310547,235.95527023672796,0.6252684056732676,0.0026569855131440183,False
2025-03-07,0.015892599600832114,0.0009219429339282215,235.3300018310547,239.07000732421875,235.54696266338414,3.523044660834614,0.014736456071031858,False
2025-03-10,-0.04847957184759566,0.0014467346481978893,239.07000732421875,227.47999572753906,239.41587818715962,11.935882459620558,0.052470031140305594,False
2025-03-11,-0.029189377151217277,-0.002029023366048932,227.47999572753906,220.83999633789062,227.01843350089916,6.178437163008539,0.02797698453841386,False
2025-03-12,-0.017478720677234882,0.004847560543566942,220.83999633789062,216.97999572753906,221.91053159057964,4.930535863040575,0.022723458199491484,False
2025-03-13,-0.03364366852013578,0.006012297701090574,216.97999572753906,209.67999267578125,218.2845440570344,8.604551381253145,0.04103658757065094,False
2025-03-14,0.01817060735629683,0.008617553859949112,209.67999267578125,213.49000549316406,211.48692130601853,2.0030841871455323,0.009382566563331092,False
2025-03-17,0.00238884488132296,0.0018548860680311918,213.49000549316406,214.0,213.88600513001722,0.11399486998277553,0.0005326863083307267,False
2025-03-18,-0.006121483918662407,0.001305353594943881,214.0,212.69000244140625,214.279345669318,1.5893432279117405,0.007472580796784687,False
2025-03-19,0.011989294383784266,0.0009022817830555141,212.69000244140625,215.24000549316406,212.88190875604715,2.3580967371169095,0.010955661944506881,False
2025-03-20,-0.0052964103352275416,0.0009205953101627529,215.24000549316406,214.10000610351562,215.43815443278046,1.3381483292648397,0.006250108786161621,False
2025-03-21,0.019476870855058115,0.0004057289916090667,214.10000610351562,218.27000427246094,214.1868726830955,4.0831315893654505,0.018706792089803508,False
2025-03-24,0.011270405492856295,0.0012738988734781742,218.27000427246094,220.72999572753906,218.5480581850177,2.1819375425213536,0.00988509756152334,False
2025-03-25,0.013681893403326706,0.0020950816106051207,220.72999572753906,223.75,221.19244308249677,2.557556917503234,0.011430421977668087,False
2025-03-26,-0.009921793165153625,0.002568298252299428,223.75,221.52999877929688,224.324656733952,2.794657954655122,0.012615257392021876,False
2025-03-27,0.010472655337889991,-0.0005166676710359752,221.52999877929688,223.85000610351562,221.41554139076297,2.434464712752657,0.010875428395685996,False
2025-03-28,-0.026580353115021937,0.0006182994693517685,223.85000610351562,217.89999389648438,223.98841244350382,6.088418547019444,0.027941343357319272,False
2025-03-31,0.019412625538381745,-0.00174037110991776,217.89999389648438,222.1300048828125,217.52076704225567,4.60923784055683,0.02075018115174711,False
2025-04-01,0.0047719692760685994,-0.0003270633169449866,222.1300048828125,223.19000244140625,222.05735430662253,1.1326481347837216,0.005074815728276512,False
2025-04-02,0.003136327526256366,0.0002049048780463636,223.19000244140625,223.88999938964844,223.23573516163768,0.65426422801076,0.0029222574916001804,False
2025-04-03,-0.09245610346452682,0.00031816487899050117,223.88999938964844,203.19000244140625,223.96123332421143,20.771230882805185,0.10222565398509195,False
2025-04-04,-0.07288743235713335,0.001563316909596324,203.19000244140625,188.3800048828125,203.50765280808383,15.127647925271333,0.08030389390148888,False
2025-04-07,-0.036734249865053914,0.030038416385650635,188.3800048828125,181.4600067138672,194.03864190821332,12.578635194346134,0.06931904953679732,False
2025-04-08,-0.049818186985832624,0.03238596394658089,181.4600067138672,172.4199981689453,187.33676394904882,14.916765780103503,0.08651412793478484,False
2025-04-09,0.15328852926139658,0.034282974898815155,172.4199981689453,198.85000610351562,178.33106863822502,20.518937465290605,0.1031880152651795,False
2025-04-10,-0.04239380274487847,-0.06057128310203552,198.85000610351562,190.4199981689453,186.8054060889781,3.614592079967224,0.018982208353768962,False
2025-04-11,0.0405944533235465,-0.004558624234050512,190.4199981689453,198.14999389648438,189.5519449506445,8.598048945839878,0.043391618524760533,False
2025-04-14,0.022054052538903912,-0.022740323096513748,198.14999389648438,202.52000427246094,193.6439990137061,8.876005258754844,0.043827795138763094,False
2025-04-15,-0.0018763819612667154,-0.010629864409565926,202.52000427246094,202.13999938964844,200.36724408681997,1.7727553028284717,0.008769938202143154,False
2025-04-16,-0.038933388448355366,-0.008088938891887665,202.13999938964844,194.27000427246094,200.50490128697936,6.234897014518424,0.03209397682296886,False
2025-04-17,0.013949613401343264,-0.006182545330375433,194.27000427246094,196.97999572753906,193.06892116471423,3.9110745628248367,0.01985518655526117,False
2025-04-21,-0.019392791899099593,-0.007313733454793692,196.97999572753906,193.16000366210938,195.53933654286143,2.3793328807520595,0.012317937645694887,False
2025-04-22,0.03406503264808869,-0.0021714477334171534,193.16000366210938,199.74000549316406,192.74056680997043,6.999438683193631,0.03504274802592404,False
2025-04-23,0.024331633507028716,-0.004485031124204397,199.74000549316406,204.60000610351562,198.84416535177846,5.755840751737168,0.02813216314776183,False
2025-04-24,0.018426143212158408,0.001325038494542241,204.60000610351562,208.3699951171875,204.87110898758635,3.4988861296011464,0.016791698476709034,False
2025-04-25,0.0043672490446504675,0.0035642811562865973,208.3699951171875,209.27999877929688,209.11268436431922,0.16731441497765331,0.0007994763759249648,False
2025-04-28,0.0041093301575299,0.002072397153824568,209.27999877929688,210.13999938964844,209.71371005311948,0.42628933652895284,0.002028596829576045,False
2025-04-29,0.005091878401668248,0.0011747372336685658,210.13999938964844,211.2100067138672,210.38685867121455,0.8231480426526332,0.0038972966075787197,False
2025-04-30,0.006107633374967891,0.0012609143741428852,211.2100067138672,212.5,211.47632444729553,1.023675552704475,0.004817296718609294,False
2025-05-01,0.0038588579963234615,0.0015948964282870293,212.5,213.32000732421875,212.838915491011,0.4810918332077563,0.0022552588444109656,False
2025-05-02,-0.0373617145464924,0.0016242540441453457,213.32000732421875,205.35000610351562,213.66649320881223,8.316487105296602,0.04049908379892774,False
2025-05-05,-0.03145851727226512,-0.0008235222776420414,205.35000610351562,198.88999938964844,205.18089579877545,6.290896409127015,0.03163002880201344,False
2025-05-06,-0.0019106284075551816,0.005135991144925356,198.88999938964844,198.50999450683594,199.9114966653279,1.401502158491951,0.007060108796908402,False
2025-05-07,-0.011384789528862349,0.004475435707718134,198.50999450683594,196.25,199.39841322459077,3.1484132245907688,0.016042869934220477,False
2025-05-08,0.006318499328224592,0.0036184831988066435,196.25,197.49000549316406,196.9601273277658,0.5298781653982587,0.0026830631964137545,False
2025-05-09,0.0052660552797889615,0.002401654375717044,197.49000549316406,198.52999877929688,197.9643082290171,0.5656905502797827,0.0028493958281269787,False
2025-05-12,0.06175386381009962,0.0019987451378256083,198.52999877929688,210.7899932861328,198.92680964906953,11.863183637063287,0.05627963382948562,False
2025-05-13,0.010152281691776288,0.004305697046220303,210.7899932861328,212.92999267578125,211.69759113759773,1.2324015381835238,0.005787825015614616,False
2025-05-14,-0.0028177845553216674,0.006581159774214029,212.92999267578125,212.3300018310547,214.3313189783028,2.001317147248102,0.009425503367350303,False
2025-05-15,-0.004144515024837148,0.00011292466660961509,212.3300018310547,211.4499969482422,212.35397912572267,0.9039821774804864,0.0042751581486272575,False
2025-05-16,-0.0008985691376138805,-0.001702846959233284,211.4499969482422,211.25999450683594,211.089929963909,0.1700645429269514,0.0008050011708272029,False
2025-05-19,-0.011739069355408915,-0.001160577405244112,211.25999450683594,208.77999877929688,211.0148109305793,2.2348121512824264,0.01070414869407517,False
2025-05-20,-0.009196274452396014,-0.000918454781640321,208.77999877929688,206.86000061035156,208.58824379110717,1.7282431807556122,0.008354651337408574,False
2025-05-21,-0.02305909435553888,0.0004031687858514488,206.86000061035156,202.08999633789062,206.94340010563886,4.853403767748233,0.024016051539896287,False
2025-05-22,-0.003612230891026025,0.0017467217985540628,202.08999633789062,201.36000061035156,202.44299133976372,1.0829907294121597,0.005378380642279781,False
2025-05-23,-0.03024432021966106,0.0027338925283402205,201.36000061035156,195.27000427246094,201.91049721152677,6.640492939065837,0.03400672296703765,False
2025-05-27,0.025298316860348224,0.003660729853436351,195.27000427246094,200.2100067138672,195.9848350065818,4.225171707285398,0.021103698944098526,False
2025-05-28,0.0010488559414427723,0.0004329555085860193,200.2100067138672,200.4199981689453,200.296688739148,0.12330942979730253,0.0006152551188697151,False
2025-05-29,-0.0023450814539321962,0.0007470051641575992,200.4199981689453,199.9499969482422,200.56971294257798,0.6197159943357917,0.003099354857685782,False
2025-05-30,0.0045011711378339925,0.00032274489058181643,199.9499969482422,200.85000610351562,200.0145297881291,0.8354763153865292,0.004159702713456404,False
2025-06-02,0.0042319682295079986,0.0005577799747698009,200.85000610351562,201.6999969482422,200.96203621485256,0.7379607333896274,0.0036587047325488753,False
2025-06-03,0.0077838738124602624,0.0007488624542020261,201.6999969482422,203.27000427246094,201.8510425029694,1.4189617694915455,0.006980674667520469,False
2025-06-04,-0.00221378923984783,0.0011529270559549332,203.27000427246094,202.82000732421875,203.50435976005073,0.6843524358319826,0.0033741860325347895,False
2025-06-05,-0.010797763348392997,0.0004691442591138184,202.82000732421875,200.6300048828125,202.91515916628833,2.2851542834758334,0.011389892976429854,False
2025-06-06,0.0163983113495636,-0.00010988145368173718,200.6300048828125,203.9199981689453,200.6079593662238,3.312038802721503,0.01624185382729122,False
2025-06-09,-0.012112599268742419,0.0009969861712306738,203.9199981689453,201.4499969482422,204.12330358715712,2.673306638914937,0.013270323551316708,False
2025-06-10,0.0060560994747325125,-0.0004494763561524451,201.4499969482422,202.6699981689453,201.35944993766697,1.3105482312783465,0.006466414580938004,False
2025-06-11,-0.019193760422328232,0.0005138979176990688,202.6699981689453,198.77999877929688,202.7741498589844,3.9941510796875264,0.020093324802372022,False
2025-06-12,0.002112879422097258,-0.0004766162601299584,198.77999877929688,199.1999969482422,198.68525699969004,0.5147399485521476,0.002584035925893571,False
2025-06-13,-0.013805221095031128,0.0007308839703910053,199.1999969482422,196.4499969482422,199.3455890329136,2.8955920846714207,0.014739588341323872,False
2025-06-16,0.010028003315378786,0.0005946491728536785,196.4499969482422,198.4199981689453,196.56681577643457,1.853182392510746,0.009339695643646001,False
2025-06-17,-0.014010678383989505,0.001007033046334982,198.4199981689453,195.63999938964844,198.61981366415517,2.9798142745067366,0.01523110960848021,False
2025-06-18,0.004804755900321256,0.00021332286996766925,195.63999938964844,196.5800018310547,195.6817338757987,0.8982679552559887,0.00456947780490907,False
2025-06-20,0.022484475164182616,0.0008634805562905967,196.5800018310547,201.0,196.74974484039137,4.250255159608628,0.021145548057754367,False
2025-06-23,0.0024875621890547706,0.0017945703584700823,201.0,201.5,201.3607086420525,0.13929135794751346,0.0006912722478784787,False
2025-06-24,-0.005955319842392948,0.001290967222303152,201.5,200.3000030517578,201.76012989529409,1.4601268435362726,0.007289699557113705,False
2025-06-25,0.0062905366332437485,-0.0002015989157371223,200.3000030517578,201.55999755859375,200.25962278832043,1.3003747702733222,0.006451551825879049,False
2025-06-26,-0.002778316954637594,0.000505272822920233,201.55999755859375,201.0,201.66184034754798,0.6618403475479795,0.0032927380475023856,False
2025-06-27,0.00039801905997349785,0.00016459432663396,201.0,201.0800018310547,201.03308345965343,0.04691837140126154,0.00023333186281091175,False
2025-06-30,0.020340144721736175,0.0004901893553324044,201.0800018310547,205.1699981689453,201.1785691075225,3.9914290614228207,0.019454253044034808,False
2025-07-01,0.012916163079025322,0.0018996305298060179,205.1699981689453,207.82000732421875,205.5597453612673,2.2602619629514606,0.01087605564090487,False
2025-07-02,0.022230752354752248,0.0027246212121099234,207.82000732421875,212.44000244140625,208.38623812447514,4.053764316931108,0.019081925580608058,False
2025-07-03,0.005225007520218483,0.0044256169348955154,212.44000244140625,213.5500030517578,213.38018051386018,0.16982253789763035,0.0007952354739909355,False
2025-07-07,-0.016857907057220234,0.0025095853488892317,213.5500030517578,209.9499969482422,214.08592501067176,4.135928062429571,0.019699586199323348,False
2025-07-08,0.00028577070476720756,-0.0017076809890568256,209.9499969482422,210.00999450683594,209.59146932980113,0.41852517703480885,0.0019928821864770136,False
2025-07-09,0.005380719548448543,-0.00013910135021433234,210.00999450683594,211.13999938964844,209.98078183304153,1.1592175566069045,0.005490279245798546,False
2025-07-10,0.0060149866256142825,0.0005349815473891795,211.13999938964844,212.41000366210938,211.25295539323767,1.157048268871705,0.005447240002463708,False
2025-07-11,-0.005884845244805148,0.0009958392474800348,212.41000366210938,211.16000366210938,212.6215298803135,1.4615262182041135,0.006921415954049684,False
2025-07-14,-0.012028833590031152,0.00023927533766254783,211.16000366210938,208.6199951171875,211.21052904328644,2.590533926098942,0.012417476688386313,False
2025-07-15,0.0023487944810314243,0.0002087796456180513,208.6199951171875,209.11000061035156,208.6635507258369,0.4464498845146636,0.002135000158823408,False
2025-07-16,0.005021295245053015,0.0010806156788021326,209.11000061035156,210.16000366210938,209.33596815560543,0.8240355065039466,0.003920991112223298,False
2025-07-17,-0.0006661562010320532,0.0012581893242895603,210.16000366210938,210.02000427246094,210.4244247351097,0.4044204626487726,0.0019256282945509997,False
2025-07-18,0.005523228167424676,0.0009927265346050262,210.02000427246094,211.17999267578125,210.22849670350007,0.9514959722811795,0.0045056160871356065,False
2025-07-21,0.006155900638530998,0.001298970659263432,211.17999267578125,212.47999572753906,211.45430929009055,1.0256864374485133,0.00482721412873022,False
2025-07-22,0.00903613614246912,0.0014507485320791602,212.47999572753906,214.39999389648438,212.78825076943698,1.61174312704739,0.007517458828966033,False
2025-07-23,-0.0011660448093142595,0.001785503001883626,214.39999389648438,214.14999389648438,214.7828057291904,0.632811832706011,0.002954993465990473,False
2025-07-24,-0.0018211505989440546,0.0007739245775155723,214.14999389648438,213.75999450683594,214.3157298400357,0.555735333199749,0.0025998098216735164,False
2025-07-25,0.0005614258002459849,0.0004660603008233011,213.75999450683594,213.8800048828125,213.85961955417977,0.02038532863272735,9.53119888130577e-05,False
2025-07-28,0.0007948296477664485,0.0006691940943710506,213.8800048828125,214.0500030517578,214.02313211898414,0.026870932773675804,0.00012553577384055606,False
2025-07-29,-0.012987613826964783,0.0007910506683401763,214.0500030517578,211.27000427246094,214.21932744973012,2.9493231772691786,0.013959971210421484,False
2025-07-30,-0.010507886476113892,7.663777796551585e-05,211.27000427246094,209.0500030517578,211.28619553613913,2.23619248438132,0.010696926341721556,False
2025-07-31,-0.007079625476841711,0.0009683106909506023,209.0500030517578,207.57000732421875,209.2524284046561,1.6824210804373365,0.008105318789190194,False
2025-08-01,-0.025003624118486445,0.001517213648185134,207.57000732421875,202.3800048828125,207.88493537228493,5.504930489472429,0.02720096035505109,False
2025-08-04,0.004792969647692269,0.0021289035212248564,202.3800048828125,203.35000610351562,202.81085238783302,0.5391537156826018,0.002651358246864988,False
2025-08-05,-0.002114619727876521,0.0021514433901757,203.35000610351562,202.9199981689453,203.78750213003923,0.8675039610939166,0.004275103335905108,False
2025-08-06,0.05090677076812433,0.0014779588673263788,202.9199981689453,213.25,203.21990557959697,10.030094420403032,0.047034440423929805,False
2025-08-07,0.03179366367782821,0.0019555585458874702,213.25,220.02999877929688,213.6670228599105,6.362975919386372,0.028918674520235825,False
2025-08-08,0.04235789381413979,0.009027826599776745,220.02999877929688,229.35000610351562,222.01639145502546,7.333614648490169,0.03197564618847313,False
2025-08-11,-0.009461579986856261,0.014028898440301418,229.35000610351562,227.17999267578125,232.56753404642436,5.387541370643106,0.023714858457328625,False
2025-08-12,0.010872441677679756,0.001831942005082965,227.17999267578125,229.64999389648438,227.59617324707847,2.053820649405907,0.008943264550364736,False
2025-08-13,0.01602441991019199,0.00019815861014649272,229.64999389648438,233.3300018310547,229.69550102009507,3.634500810959622,0.015576654448368903,False
2025-08-14,-0.0023571895917441354,0.0013070607092231512,233.3300018310547,232.77999877929688,233.63497830873104,0.8549795294341607,0.003672908041574409,False
2025-08-15,-0.005112133549474374,-0.0006559037719853222,232.77999877929688,231.58999633789062,232.6273175000548,1.0373211621641758,0.004479127676355763,False
2025-08-18,-0.0030225698834628334,-0.0009808912873268127,231.58999633789062,230.88999938964844,231.36283172825074,0.4728323386023021,0.0020478684215523486,False
2025-08-19,-0.001429259958971918,-0.00014537136303260922,230.88999938964844,230.55999755859375,230.85643459572657,0.29643703713281866,0.001285726232962347,False
2025-08-20,-0.019734572779050663,0.0005687705124728382,230.55999755859375,226.00999450683594,230.6911332865609,4.681138779724961,0.020712087489490976,False
2025-08-21,-0.004911289931109564,0.0004309247597120702,226.00999450683594,224.89999389648438,226.10738780941134,1.2073939129269604,0.00536858135035207,False
2025-08-22,0.012716766064777785,0.0019055865705013275,224.89999389648438,227.75999450683594,225.32856030455935,2.4314342022765913,0.010675422641896906,False
2025-08-25,-0.0026343118159346535,0.0016936564352363348,227.75999450683594,227.16000366210938,228.14574168722183,0.9857380251124539,0.004339399582765883,False
2025-08-26,0.009464667467088184,0.001139122061431408,227.16000366210938,229.30999755859375,227.41876663375572,1.8912309248380268,0.008247485696103484,False
2025-08-27,0.00514590705653295,0.0016095612663775682,229.30999755859375,230.49000549316406,229.6790860486572,0.810919444506851,0.003518241247692198,False
2025-08-28,0.008980832210059075,0.0015249012503772974,230.49000549316406,232.55999755859375,230.84147999074005,1.718517567853695,0.007389566502814882,False
2025-08-29,-0.00180597769760249,0.0017927601002156734,232.55999755859375,232.13999938964844,232.97692184312305,0.8369224534746138,0.0036052487967393946,False
2025-09-02,-0.010424735828844955,0.0006914661498740315,232.13999938964844,229.72000122070312,232.30051634125815,2.5805151205550203,0.011233306228636985,False
2025-09-03,0.038089848308826335,-0.0001912573934532702,229.72000122070312,238.47000122070312,229.67606557204556,8.793935648657566,0.036876485946418104,False
2025-09-04,0.005493343195739575,0.0016592482570558786,238.47000122070312,239.77999877929688,238.86568215458868,0.9143166247081922,0.0038131480080194923,False
2025-09-05,-0.00037532879451496193,0.001798449084162712,239.77999877929688,239.69000244140625,240.21123089850204,0.5212284570957877,0.0021745940664471613,False
2025-09-08,-0.007551410322323426,-0.00012196978786960244,239.69000244140625,237.8800048828125,239.660767502654,1.7807626198415107,0.0074859701668442994,False
2025-09-09,-0.014839409394815983,-0.0010937114711850882,237.8800048828125,234.35000610351562,237.6198327927066,3.269826689190978,0.013952748470365522,False
2025-09-10,-0.03225949486019408,-0.0007387127843685448,234.35000610351562,226.7899932861328,234.1768887579901,7.386895471857287,0.03257152295312036,False
2025-09-11,0.014286368839370622,0.001606880920007825,226.7899932861328,230.02999877929688,227.154417799193,2.8755809801038765,0.01250089551521001,False
2025-09-12,0.017562963814985233,0.0008978458936326206,230.02999877929688,234.07000732421875,230.2365302691132,3.8334770551055612,0.016377480818359078,False
2025-09-15,0.011235910376080627,0.0008871476748026907,234.07000732421875,236.6999969482422,234.27766198695747,2.4223349612847187,0.010233776901207128,False
2025-09-16,0.0061258849469238985,0.001749387476593256,236.6999969482422,238.14999389648438,237.1140769586131,1.0359169378712636,0.004349850784886189,False
2025-09-17,0.0035272375318422533,0.0014224415645003319,238.14999389648438,238.99000549316406,238.48874834638823,0.5012571467758278,0.002097397946585534,False
2025-09-18,-0.0046445482440198305,0.0009006689651869237,238.99000549316406,237.8800048828125,239.2052563741016,1.3252514912890945,0.005571092416707982,False
2025-09-19,0.03203293660995743,-2.470490289852023e-05,237.8800048828125,245.5,237.87412808039036,7.6258719196096365,0.03106261474382744,False
2025-09-22,0.04309566831880085,0.00235471548512578,245.5,256.0799865722656,246.07808265159838,10.001903920667246,0.039057733696985786,False
2025-09-23,-0.006443275472520216,0.00893041118979454,256.0799865722656,254.42999267578125,258.366886149833,3.9368934740517716,0.015473385950486323,False
2025-09-24,-0.008332331793480807,0.0016213057097047567,254.42999267578125,252.30999755859375,254.84250147562665,2.532503917032898,0.010037271378613431,False
2025-09-25,0.018072995928489766,-0.002002955647185445,252.30999755859375,256.8699951171875,251.8046318241424,5.065363293045095,0.019719560047230154,False
2025-09-26,-0.005489112898051984,4.7157693188637495e-05,256.8699951171875,255.4600067138672,256.8821085136066,1.422101799739437,0.0055668275360702115,False
2025-09-29,-0.004031997224675621,-0.0010871726553887129,255.4600067138672,254.42999267578125,255.18227758002246,0.7522849042412076,0.0029567461616046196,False
2025-09-30,0.0007861188255666729,-0.0006836255197413266,254.42999267578125,254.6300048828125,254.2560578398005,0.3739470430120093,0.001468589859172762,False
2025-10-01,0.003220327729275496,0.00017648289212957025,254.6300048828125,255.4499969482422,254.67494272249718,0.7750542257450093,0.0030340741241114454,False
2025-10-02,0.00657666061710982,0.0007592073525302112,255.4499969482422,257.1300048828125,255.64393646412913,1.4860684186833737,0.00577944382399344,False
2025-10-03,0.0034612223931820285,0.0013029985129833221,257.1300048828125,258.0199890136719,257.4650448968182,0.554944116853676,0.002150779553844066,False
2025-10-06,-0.005154587353288997,0.0013065236853435636,258.0199890136719,256.69000244140625,258.3570982406103,1.6670957992040485,0.006494587959593755,False
2025-10-07,-0.0008180741481198517,0.0005526054301299155,256.69000244140625,256.4800109863281,256.83185073061543,0.3518397442873038,0.0013718018138499648,False
2025-10-08,0.006160271773966164,0.0008602527086623013,256.4800109863281,258.05999755859375,256.70064861049684,1.3593489480969083,0.0052675694061737,False
2025-10-09,-0.015577789314472068,0.001323522999882698,258.05999755859375,254.0399932861328,258.4015459007122,4.361552614579409,0.01716876369803263,False
2025-10-10,-0.034522080166306646,-8.878513472154737e-05,254.0399932861328,245.27000427246094,254.01743831110423,8.747434038643291,0.03566450803713489,False
2025-10-13,0.009744360696440912,0.0015371229965239763,245.27000427246094,247.66000366210938,245.64701443638566,2.0129892257237145,0.008128035193240575,False
2025-10-14,0.0004441597703503941,0.00145469862036407,247.66000366210938,247.77000427246094,248.020274327756,0.2502700552950614,0.001010090208578482,False
2025-10-15,0.0063364896410271765,0.0007853593560867012,247.77000427246094,249.33999633789062,247.96459276347395,1.37540357441668,0.005516177085977074,False
2025-10-16,-0.007580008893106838,0.0009018279961310327,249.33999633789062,247.4499969482422,249.56485812714334,2.114861178901151,0.008546620347477739,False
2025-10-17,0.019559492412937862,0.00025091524003073573,247.4499969482422,252.2899932861328,247.51208592362207,4.777907362510746,0.018938156445594406,False
2025-10-20,0.03943873008454002,0.001182488864287734,252.2899932861328,262.239990234375,252.58832339376488,9.651666840610119,0.03680471018925838,False
2025-10-21,0.002021044840732289,0.005383670330047607,262.239990234375,262.7699890136719,263.6518038891518,0.881814875479904,0.003355843179770515,False
2025-10-22,-0.016440145325788524,0.0028064637444913387,262.7699890136719,258.45001220703125,263.5074434609791,5.057431253947868,0.019568315012872258,False
2025-10-23,0.004372119604812541,-0.0023492516484111547,258.45001220703125,259.5799865722656,257.842848089822,1.7371384824436404,0.006692112536803876,False
2025-10-24,0.012481781799657865,-0.0008886121795512736,259.5799865722656,262.82000732421875,259.34932063462975,3.4706866895890016,0.0132055649983584,False
2025-10-27,0.02279122619072771,0.0003137016319669783,262.82000732421875,268.80999755859375,262.9024543894299,5.90754316916383,0.02197664976309572,False
2025-10-28,0.0007068280314419528,0.002569315256550908,268.80999755859375,269.0,269.50065518643447,0.5006551864344715,0.001861171696782422,False
2025-10-29,0.0026022758625696696,0.0009887986816465855,269.0,269.70001220703125,269.26598684536293,0.4340253616683185,0.0016092893660499552,False
2025-10-30,0.006303231785351748,0.0004649008042179048,269.70001220703125,271.3999938964844,269.8253959596039,1.5745979368804797,0.005801761135930801,False
2025-10-31,-0.0037951319176879883,0.0008869175217114389,271.3999938964844,270.3699951171875,271.64070330646354,1.2707081892760357,0.004699886127250428,False
2025-11-03,-0.0048822256465500535,0.000148229009937495,270.3699951171875,269.04998779296875,270.41007179388055,1.3600840009117974,0.005055134966065742,False
2025-11-04,0.003679690752169673,0.00026430439902469516,269.04998779296875,270.0400085449219,269.12109888829997,0.9189096566219064,0.0034028648627784474,False
2025-11-05,0.00037033809935982376,0.0009940338786691427,270.0400085449219,270.1400146484375,270.3084374620116,0.16842281357412503,0.0006234648865082498,False
2025-11-06,-0.001369754996301431,0.0010049045085906982,270.1400146484375,269.7699890136719,270.4114795671085,0.6414905534365971,0.0023779166681290355,False
2025-11-07,-0.004818874767062664,0.0009535888093523681,269.7699890136719,268.4700012207031,270.0272386562944,1.5572374355912757,0.005800415050138529,False
2025-11-10,0.003575786682732396,0.0008111118222586811,268.4700012207031,269.42999267578125,268.68776041261503,0.7422322631662155,0.0027548241967975005,False
2025-11-11,0.021601185771556786,0.00125217717140913,269.42999267578125,275.25,269.7673667619028,5.482633238097208,0.019918740192905387,False
2025-11-12,-0.006466843884820661,0.0025023575872182846,275.25,273.4700012207031,275.93877392588183,2.468772705178708,0.009027581431815961,False
2025-11-13,-0.0019014480979659965,0.0003239713259972632,273.4700012207031,272.95001220703125,273.55859765961907,0.6085854525878176,0.0022296590048371512,False
2025-11-14,-0.0019784155368063328,0.00014633970567956567,272.95001220703125,272.4100036621094,272.98995563148287,0.5799519693734965,0.0021289672243199062,False
2025-11-17,-0.018171183658773127,0.00025805755285546184,272.4100036621094,267.4599914550781,272.48030112102776,5.02030966594964,0.01877032014634173,False
2025-11-18,-7.473646268785217e-05,-0.0001594916102476418,267.4599914550781,267.44000244140625,267.41733383036416,0.022668611042092834,8.476148233306769e-05,False
2025-11-19,0.004187836924032684,0.0010437087621539831,267.44000244140625,268.55999755859375,267.71913191530484,0.8408656432889074,0.0031310159775580484,False
2025-11-20,-0.008601420835542606,0.0010864159557968378,268.55999755859375,266.25,268.8517654250302,2.6017654250301803,0.009771888920301147,False
2025-11-21,0.019680714495305063,0.0005759810446761549,266.25,271.489990234375,266.403354953145,5.086635281229974,0.01873599566908056,False
2025-11-24,0.0163174457722548,0.0014042232651263475,271.489990234375,275.9200134277344,271.87122279491103,4.048790632823341,0.014673783835124925,False
2025-11-25,0.003805406428931457,0.0027380750980228186,275.9200134277344,276.9700012207031,276.675503145547,0.29449807515612747,0.0010632850989571868,False
2025-11-26,0.0020940411225383038,0.0016069209668785334,276.9700012207031,277.54998779296875,277.41507012286104,0.13491767010771127,0.0004861022375844946,False
2025-11-28,0.004683906927485104,0.0007259701378643513,277.54998779296875,278.8500061035156,277.7514807958711,1.098525307644536,0.003939484610363386,False
2025-12-01,0.015241168753721723,0.0007905986276455224,278.8500061035156,283.1000061035156,279.07046453566,4.029541567855631,0.01423363292469244,False
2025-12-02,0.010914857899228636,0.001995506463572383,283.1000061035156,286.19000244140625,283.6649339955326,2.5250684458736714,0.0088230491084001,False
2025-12-03,-0.00712816145749029,0.0023453696630895138,286.19000244140625,284.1499938964844,286.86122379101187,2.7112298945274915,0.009541544792414074,False
2025-12-04,-0.012141410394363561,-0.00016072444850578904,284.1499938964844,280.70001220703125,284.10432404542246,3.4043118383912088,0.012127936196455691,False
2025-12-05,-0.00684009028940924,-0.0005496912053786218,280.70001220703125,278.7799987792969,280.54571387897136,1.7657150996744804,0.00633372231654378,False
2025-12-08,-0.00319242461710445,0.0005430719465948641,278.7799987792969,277.8900146484375,278.93139637590565,1.0413817274681492,0.0037474600474062215,False
2025-12-09,-0.002555046727945598,0.0010685913730412722,277.8900146484375,277.17999267578125,278.18696552074516,1.0069728449639115,0.003632920382322733,False
2025-12-10,0.00577244442526248,0.0012347681913524866,277.17999267578125,278.7799987792969,277.5222457140166,1.2577530652802693,0.004511633082673197,False
2025-12-11,-0.0026902934331158868,0.0014952889177948236,278.7799987792969,278.0299987792969,279.1968554219744,1.1668566426775442,0.004196873171242961,False
2025-12-12,0.0008991835452922814,0.0010418032761663198,278.0299987792969,278.2799987792969,278.31965134289766,0.03965256360078229,0.00014249160476758027,False
2025-12-15,-0.014984955605960026,0.0011209105141460896,278.2799987792969,274.1099853515625,278.59192575580516,4.481940404242664,0.016350883381699162,False
2025-12-16,0.0018240853187405648,0.0002840912784449756,274.1099853515625,274.6099853515625,274.18785760773557,0.42212774382693397,0.0015371900744487335,False
2025-12-17,-0.010086993049891024,0.0011039692908525467,274.6099853515625,271.8399963378906,274.9131463423521,3.0731500044614677,0.01130499575434667,False
2025-12-18,0.001287544541755281,0.0007491313735954463,271.8399963378906,272.19000244140625,272.0436402077454,0.14636223366085233,0.0005377208286419682,False
2025-12-19,0.005437418615868328,0.0011718387249857187,272.19000244140625,273.6700134277344,272.50896522682103,1.161048200913342,0.00424251157944248,False
2025-12-22,-0.009865941003960987,0.0012559217866510153,273.6700134277344,270.9700012207031,274.01372155995136,3.043720339248239,0.011232683786162552,False
2025-12-23,0.005129660569795913,0.00037727755261585116,270.9700012207031,272.3599853515625,271.072232119596,1.2877532319665193,0.004728129318645271,False
2025-12-24,0.005323881205087977,0.0009658473427407444,272.3599853515625,273.80999755859375,272.6230435196832,1.1869540389105282,0.004334955076490686,False
2025-12-26,-0.0014974020881820538,0.001113347476348281,273.80999755859375,273.3999938964844,274.1148432283745,0.7148493318901501,0.0026146647690153523,False
2025-12-29,0.0013168100847762432,0.0006664085085503757,273.3999938964844,273.760009765625,273.58218997865464,0.17781978697036038,0.0006495462471768532,False
2025-12-30,-0.0024840121606569676,0.0007580147939734161,273.760009765625,273.0799865722656,273.96752390302566,0.8875373307600398,0.0032501002431577653,False
2025-12-31,-0.004467559984957958,0.0005551415379159153,273.0799865722656,271.8599853515625,273.2315846159854,1.3715992644229118,0.005045241441653115,False
2026-01-02,-0.0031265196488491354,0.000531919242348522,271.8599853515625,271.010009765625,272.00459290899556,0.9945831433705621,0.003669912946133237,False
2026-01-05,-0.013837127282653072,0.0007625945727340877,271.010009765625,267.260009765625,271.2166805282289,3.956670762603892,0.01480457463903303,False
2026-01-06,-0.01833429707033085,0.0006436367402784526,267.260009765625,262.3599853515625,267.43202812711735,5.0720427755548485,0.019332379397560603,False
2026-01-07,-0.007737455757884204,0.0017522231210023165,262.3599853515625,260.3299865722656,262.8196985839213,2.4897120116556835,0.009563677409726898,False
2026-01-08,-0.004955164959399183,0.002555846469476819,260.3299865722656,259.0400085449219,260.9953500493453,1.9553415044234157,0.007548415070733472,False
2026-01-09,0.00127388264893602,0.002270200988277793,259.0400085449219,259.3699951171875,259.62808142832404,0.25808631113653746,0.000995050761441893,False
2026-01-12,0.0033928553779511983,0.0018860332202166319,259.3699951171875,260.25,259.8591755443059,0.3908244556940872,0.001501727015154994,False
2026-01-13,0.003073920434077726,0.0016295036766678095,260.25,261.04998779296875,260.6740783318528,0.3759094611159526,0.0014399903416738543,False
2026-01-14,-0.004175431483854575,0.001438516890630126,261.04998779296875,259.9599914550781,261.4255126097077,1.4655211546295845,0.0056374873165158995,False
2026-01-15,-0.006731805114335909,0.0007937603513710201,259.9599914550781,258.2099914550781,260.1663373892379,1.956345934159799,0.007576569454711255,False
2026-01-16,-0.010379120733008063,0.0005881075630895793,258.2099914550781,255.52999877929688,258.36184670391816,2.831847924621286,0.011082252331035205,False
2026-01-20,-0.03455563680678142,0.0007389510865323246,255.52999877929688,246.6999969482422,255.71882294953645,9.018826001294258,0.036557868313173966,False
2026-01-21,0.0038508186461043703,0.002056965371593833,246.6999969482422,247.64999389648438,247.20745029913704,0.4425435973473384,0.0017869719695301825,False
2026-01-22,0.002826619116832463,0.002322173910215497,247.64999389648438,248.35000610351562,248.22508025117583,0.1249258523397998,0.0005030233511962509,False
2026-01-23,-0.0012482899527435087,0.00126369739882648,248.35000610351562,248.0399932861328,248.66384536022719,0.6238520740943727,0.0025151269592831845,False
2026-01-26,0.02971299216040002,0.001011909218505025,248.0399932861328,255.41000366210938,248.29098724189697,7.119016420212404,0.027872895807285584,False
2026-01-27,0.01119762464490659,0.001898289192467928,255.41000366210938,258.2699890136719,255.89484571170937,2.3751433019625097,0.009196358086485914,False
2026-01-28,-0.007085556394896275,0.002887536073103547,258.2699890136719,256.44000244140625,259.0157529235489,2.5757504821426664,0.010044261650368676,False
2026-01-29,0.007175153331668849,-0.000289357325527817,256.44000244140625,258.2799987792969,256.36579964814143,1.914199131155442,0.007411333205058385,False
2026-01-30,0.004646167774132071,0.0002451934269629419,258.2799987792969,259.4800109863281,258.34332733731355,1.1366836490145715,0.00438062124590577,False
2026-02-02,0.04058115590203082,0.00046584190567955375,259.4800109863281,270.010009765625,259.6008876491317,10.409122116493279,0.03855087493063179,False
2026-02-03,-0.0019628856713753695,0.004092048387974501,270.010009765625,269.4800109863281,271.1149037908234,1.63489280449528,0.0060668425777161816,False
2026-02-04,0.026012984125945104,0.0012710695154964924,269.4800109863281,276.489990234375,269.8225388133285,6.667451421046508,0.024114621348116955,False
2026-02-05,-0.0020976765624461935,0.003141174791380763,276.489990234375,275.9100036621094,277.35849362176833,1.448489959658957,0.005249863870223556,False
2026-02-06,0.008009827210848641,0.00016944127855822444,275.9100036621094,278.1199951171875,275.9567542058969,2.163240911290586,0.007778084816875867,False
2026-02-09,-0.01258449612198953,0.00040225189877673984,278.1199951171875,274.6199951171875,278.2318694133112,3.6118742961236876,0.01315226261868662,False
2026-02-10,-0.003422920610733904,-0.001505463384091854,274.6199951171875,273.67999267578125,274.2065647699991,0.5265720942178405,0.001924043073333648,False
2026-02-11,0.0066501292492171515,-0.0001848926185630262,273.67999267578125,275.5,273.6293912652871,1.8706087347129028,0.006789868365564076,False
2026-02-12,-0.049981811301894274,0.0007333860849030316,275.5,261.7300109863281,275.7020478663908,13.97203688006266,0.05338339622349426,False
2026-02-13,-0.022733396848946263,-0.0006342803244479001,261.7300109863281,255.77999877929688,261.564000790042,5.784002010745098,0.022613191173465837,False
2026-02-17,0.031667863563111576,0.005900452379137278,255.77999877929688,263.8800048828125,257.2892164816299,6.590788401182579,0.024976460054673362,False
2026-02-18,0.0017811172199722058,-0.0017065450083464384,263.8800048828125,264.3500061035156,263.4296817776773,0.9203243258383509,0.0034814613375797132,False
2026-02-19,-0.014261469431454121,-0.0003684419789351523,264.3500061035156,260.5799865722656,264.25260846413533,3.67262189186971,0.014094029016503907,False
2026-02-20,0.015350373037534393,-0.0010828508529812098,260.5799865722656,264.5799865722656,260.297817311536,4.282169260729631,0.01618478145761047,False
2026-02-23,0.006047343656806037,-0.0004735980764962733,264.5799865722656,266.17999267578125,264.4546819995456,1.7253106762356651,0.006481744397435491,False
2026-02-24,0.022390946489790453,0.0003126910305581987,266.17999267578125,272.1400146484375,266.263224772005,5.876789876432497,0.021594729036905482,False
2026-02-25,0.007679856784716499,0.0021128265652805567,272.1400146484375,274.2300109863281,272.7149993008626,1.515011685465538,0.005524602066770401,False
2026-02-26,-0.004667610137537803,0.0020498884841799736,274.2300109863281,272.95001220703125,274.7921519278656,1.842139720834325,0.006749000324048607,False
2026-02-27,-0.03213049693728531,-0.00012022804003208876,272.95001220703125,264.17999267578125,272.9171959620369,8.737203286255635,0.03307291819399244,False
2026-03-02,0.002044093269336189,-0.0016593921463936567,264.17999267578125,264.7200012207031,263.7416144707007,0.9783867500024144,0.0036959305888893184,False
2026-03-03,-0.0036642536122324376,0.000612220203038305,264.7200012207031,263.75,264.88206815359877,1.132068153598766,0.0042922015302322885,False
2026-03-04,-0.004663548763329417,0.0006390073685906827,263.75,262.5199890136719,263.9185381934658,1.3985491797939176,0.005327400724982821,False
2026-03-05,-0.00849451684471103,0.0009409800986759365,262.5199890136719,260.2900085449219,262.7670150988384,2.4770065539165103,0.009516333599447474,False
2026-03-06,-0.010872553678353492,0.001185905421152711,260.2900085449219,257.4599914550781,260.5986878771272,3.1386964220490654,0.012191006471763627,False
2026-03-09,0.009399570838394267,0.0016094159800559282,257.4599914550781,259.8800048828125,257.874351679551,2.005653203261488,0.00771761261188946,False
2026-03-10,0.0036554627966916,0.0015716473571956158,259.8800048828125,260.8299865722656,260.28844460567456,0.541541966591069,0.002076225873059382,False
2026-03-11,-7.663617950748325e-05,0.0014749197289347649,260.8299865722656,260.80999755859375,261.2146898653589,0.4046923067651278,0.0015516748228725755,False
2026-03-12,-0.019362766377938656,0.0011271040420979261,260.80999755859375,255.75999450683594,261.1039575610616,5.3439630542256396,0.020894444670793915,False
2026-03-13,-0.022051921765652405,1.6639649402350187e-05,255.75999450683594,250.1199951171875,255.76425026347567,5.644255146288174,0.022566189255056154,False
2026-03-16,0.01079486750256109,0.0018353385385125875,250.1199951171875,252.82000732421875,250.57904998347865,2.2409573407400956,0.008863844932439507,False
2026-03-17,0.005577044389181385,0.0012580922339111567,252.82000732421875,254.22999572753906,253.13807821201073,1.091917515528337,0.004294998756553323,False
2026-03-18,-0.016874457610149385,0.001058340771123767,254.22999572753906,249.94000244140625,254.49905769726013,4.5590552558538775,0.01824059858894601,False
2026-03-19,-0.0039209238936004365,-8.31281067803502e-06,249.94000244140625,248.9600067138672,249.93792473748508,0.9779180236178888,0.003928012521070591,False
2026-03-20,-0.003896213024359163,0.0008329019765369594,248.9600067138672,247.99000549316406,249.16736599553784,1.177360502373773,0.0047476127113769,False
2026-03-23,0.01411347200480817,0.0009404864977113903,247.99000549316406,251.49000549316406,248.22323674489775,3.2667687482663155,0.012989656355767633,False
2026-03-24,0.0005964209042432778,0.0012040336150676012,251.49000549316406,251.63999938964844,251.79280791363138,0.15280852398294087,0.000607250533911847,False
2026-03-25,0.00389443542328749,0.0009164809598587453,251.63999938964844,252.6199951171875,251.8706226578279,0.7493724593595914,0.0029664020023908487,False
2026-03-26,0.0010688159198788405,0.0009279907098971307,252.6199951171875,252.88999938964844,252.8544241257905,0.03557526385793608,0.00014067485445765825,False
2026-03-27,-0.016173025219509918,0.0007257533143274486,252.88999938964844,248.8000030517578,253.07353514486573,4.273532093107917,0.01717657572624264,False
2026-03-30,-0.008721857485242457,-0.0003807850298471749,248.8000030517578,246.6300048828125,248.70526373516978,2.0752588523572797,0.008414462195479214,False
2026-03-31,0.029031294901536553,0.0008177316631190479,246.6300048828125,253.7899932861328,246.8316820468804,6.958311239252424,0.02741759495382212,False
2026-04-01,0.007250134541771258,0.0008351502474397421,253.7899932861328,255.6300048828125,254.00194606182345,1.6280588209890539,0.006368809568091972,False
2026-04-02,0.0011344258521832629,0.0015559878665953875,255.6300048828125,255.9199981689453,256.02776206874785,0.10776389980253498,0.00042108432546719053,False
2026-04-06,0.011487914987700076,0.00048734969459474087,255.9199981689453,258.8599853515625,256.04472070189365,2.8152646496688476,0.010875627014524415,False
2026-04-07,-0.020706117804507373,0.0011969758197665215,258.8599853515625,253.5,259.16983449473344,5.669834494733436,0.02236621102458949,False
2026-04-08,0.02130175107094434,-0.0017708535306155682,253.5,258.8999938964844,253.05108862998895,5.8489052664954215,0.02259136888521512,False
2026-04-09,0.006141353323192211,-2.32114689424634e-06,258.8999938964844,260.489990234375,258.8993929515676,1.59059728280738,0.006106174296280043,False
2026-04-10,-3.8309525974056235e-05,0.0005363040254451334,260.489990234375,260.4800109863281,260.6296920647259,0.14968107839774802,0.0005746355654354006,False
2026-04-13,-0.008637898898576468,1.3969780411571264e-05,260.4800109863281,258.2300109863281,260.4836498348832,2.253638848555056,0.00872725381510507,False
